1,Reine Ilchenko,6396224864686865,instapayment,true
2,Herta Bocke,4807086249649175,visa,true
3,Reade Honeyghan,589356815462490015,maestro,false
4,Damon Flagg,5020389896844075,maestro,false
5,Marie-ann Hargreves,3528146086101241,jcb,false
6,Marcelia Glazyer,201795568964995,diners-club-enroute,false
7,Garreth Hargroves,5602238186587140,bankcard,true
8,Georgia Beddow,374288319111737,americanexpress,true
9,Brenna Fowell,3530228466059078,jcb,true
10,Leese Posthill,676135948342228074,maestro,false
11,Sharyl Stilgoe,3582076152421764,jcb,true
12,Abbye Servante,3564537355545438,jcb,true
13,Shoshanna Cheshire,5007667275371639,mastercard,false
14,Shel Andretti,3541643314898518,jcb,false
15,Joan Placstone,346614563014266,americanexpress,true
16,Evania Styche,3535335335876189,jcb,true
17,Annissa Saylor,6331107439038529942,switch,true
18,Winston Horney,3535193223879850,jcb,true
19,Peta Fransman,56022218389096078,china-unionpay,false
20,Dody Lisimore,201772288735534,diners-club-enroute,true
21,Waldo Dy,6333013413465291598,switch,false
22,Shelby Nutbeam,3544057536430264,jcb,false
23,Odetta Bollom,5641822143934987603,switch,true
24,Jenn Ungaretti,502078344015848108,maestro,true
25,Karie Stockton,3549583749764699,jcb,false
26,Lilllie Dykins,6762073836159857,maestro,false
27,Farlay Attride,3572598149082377,jcb,false
28,Garreth Lenney,4041377092275,visa,true
29,Auberon Del Castello,3578824493242894,jcb,true
30,Ray Estick,3566020459767479,jcb,true
31,Allianora Hartill,3583663635726213,jcb,false
32,Erwin Fishlee,3554451380459718,jcb,true
33,Harwilll Pepperrall,50203751846816963,maestro,true
34,Deloris Bragge,3547199037195017,jcb,false
35,Rachele Melchior,372301570536997,americanexpress,false
36,Marlie Durran,3530958093801837,jcb,false
37,Deloria Boshell,3569370907420503,jcb,true
38,Alic Ormshaw,5610409899305464,bankcard,true
39,Gilburt Bollon,374283131188971,americanexpress,true
40,Joya Kenset,06044014339741619,maestro,false
41,Adrian Banasevich,3551823508046655,jcb,false
42,Marylou Flobert,5108757490663817,mastercard,false
43,Tonye Laird-Craig,5550518349214076,diners-club-us-ca,true
44,Bethanne Walczak,5010128714140049,mastercard,false
45,Alric Clinnick,5155168751778850,mastercard,false
46,Kassandra Shasnan,633397865720465025,switch,true
47,Garvey De Gregorio,3576481581586310,jcb,true
48,Harley Muggleton,3553775591623766,jcb,true
49,Avrit Mozzetti,3531273025519336,jcb,false
50,Irma Northridge,675992389994614796,switch,true
51,Tabbie Westoff,6763114208187925,maestro,true
52,Adele Gittis,3549754663218133,jcb,true
53,Larissa Dawson,3558768483558641,jcb,false
54,Dede Fawcett,5641829056381946,switch,true
55,Dalia Burdekin,5346639417464978,mastercard,false
56,Barbee Sextie,30223121748240,diners-club-carte-blanche,false
57,Milka Claris,3528025035796428,jcb,true
58,Vonnie Perfect,5483207136962640,diners-club-us-ca,true
59,Jon Chilvers,3573253200880371,jcb,false
60,Johnathan Farquhar,3537910666975657,jcb,false
61,Conan Glavin,201600709553097,diners-club-enroute,false
62,Egbert Trevains,3529189545406065,jcb,true
63,Berna Fantonetti,3560808293071157,jcb,false
64,Arleyne Barthot,3553730116616621,jcb,false
65,Bellanca Risby,3544158006711207,jcb,true
66,Judd Allman,374622764894274,americanexpress,true
67,Gabrila McBeth,3588360866004403,jcb,true
68,Marquita Rosindill,5610585771196434,bankcard,false
69,Waldo Savil,5444333430605343,diners-club-us-ca,false
70,Dominica Sinnocke,3535474988938135,jcb,false
71,Tiphanie O'Cuddie,374288242865599,americanexpress,false
72,Erick Follacaro,3573830345547021,jcb,false
73,Cherida Elan,3556448395464426,jcb,true
74,Irena Aston,30315912623259,diners-club-carte-blanche,true
75,Gabey Klimkin,3549805133144174,jcb,false
76,Gabbie Berka,3579301957463604,jcb,true
77,Leora Treversh,4844511186190383,visa-electron,false
78,Shirley Skatcher,3552584438149642,jcb,false
79,Lou Balsdon,30164786185593,diners-club-carte-blanche,false
80,Teena Corner,4026003420793461,visa-electron,true
81,Hestia Jaime,3573268047427210,jcb,false
82,Zarah Barbrook,56108864841330691,china-unionpay,false
83,Delly Crowdy,3572199759775622,jcb,true
84,Fara Greyes,6334911102509566278,solo,true
85,Lona Saint,6762205056528000080,maestro,true
86,Marlyn Cowndley,3556580020330570,jcb,false
87,Burr Ternault,3561951101225752,jcb,false
88,Tyrus Errington,3582957597790915,jcb,false
89,Foster Giacoboni,3541670434522751,jcb,true
90,Johnnie Ahmad,3555333295368029,jcb,true
91,Jaimie Golsworthy,5320760003491173,mastercard,true
92,Babb Bedberry,5108751786527331,mastercard,false
93,Major Danniel,3543036498539651,jcb,true
94,Robenia Jahncke,6709907941097096,laser,true
95,Diannne Barles,3581474634467532,jcb,true
96,Gaylord Gerler,3570676831151999,jcb,true
97,Lydon Carson,6373708748245911,instapayment,false
98,Karylin Westcarr,5602251288637015368,china-unionpay,true
99,Amaleta Fynes,5048376719852391,mastercard,true
100,Mable Dand,67596837475179507,maestro,false
101,Jacki Longworthy,676735820005203617,solo,true
102,Basilius Sharville,3567822169322209,jcb,false
103,Vassily McElvogue,3559770970551542,jcb,true
104,Lonnard Dowse,3568005814022247,jcb,true
105,Reiko De Biaggi,561034642666298278,china-unionpay,false
106,Mandi Wey,3586770325933640,jcb,false
107,Rosaleen Munt,56104991390513114,china-unionpay,true
108,Vida Champion,3563169036200133,jcb,false
109,Dall Lazell,6334261105401758,solo,true
110,Berti Baldi,675918585676192529,maestro,false
111,Oliver Witchell,67621387956159528,maestro,true
112,Cilka Borris,374288827132134,americanexpress,true
113,Barry Dreini,3548918486146893,jcb,true
114,Borg Warrell,3542284991367391,jcb,false
115,Leodora Mourant,6370024088379721,instapayment,false
116,Cart Lackey,3585697573076320,jcb,false
117,Wendye Cometson,3573662194447932,jcb,true
118,Issi Martusewicz,36187733909397,diners-club-international,true
119,Ciel Pleasants,676342101490867561,maestro,true
120,Charity Wheildon,337941054650220,americanexpress,true
121,Fay Blacktin,3553186250689017,jcb,true
122,Melina Rappport,3529194859279660,jcb,false
123,Wake McGaugan,3554665466207960,jcb,false
124,Jodi Slemmonds,3540613460535355,jcb,false
125,Becky Siflet,3528161036652987,jcb,true
126,Jacquenette Spores,3551897026408738,jcb,true
127,Roy Ubsdall,67595830730276706,maestro,true
128,Jase Cliss,36341147831941,diners-club-international,true
129,Doris Plumbridge,4913953670630183,visa-electron,false
130,Holt Calton,630432156070873023,laser,true
131,Ilse Mincini,3543244938163666,jcb,true
132,Clifford McLevie,502065806538674620,maestro,false
133,Kamilah Avent,3560991135318521,jcb,false
134,Kariotta Greenroad,4405015160250552,visa-electron,false
135,Gaye McCunn,30091038077601,diners-club-carte-blanche,false
136,Ronna Bissett,3566245623144210,jcb,false
137,Sonya Stebles,4911887166947726791,switch,false
138,Frans Benito,3538646790632116,jcb,false
139,Ringo Gregs,3578861135107978,jcb,true
140,Leshia Shoulder,3578298853878862,jcb,false
141,Ford Fodden,3534462572464528,jcb,false
142,Felecia Blowing,3566151271193642,jcb,true
143,Tremaine Schulze,3579157911044009,jcb,true
144,Eberhard Melanaphy,3556118814980829,jcb,true
145,Liva Kilfeder,5447062247175342,mastercard,false
146,Johannes Feaviour,3565218298141598,jcb,true
147,Timi Lademann,30167182555970,diners-club-carte-blanche,true
148,Silvanus Fowlston,4913112569111074,visa-electron,true
149,Noel Poone,5893367213636864810,maestro,false
150,Larine Netting,3585826928573059,jcb,true
151,Ediva Spargo,5438582588758480,diners-club-us-ca,false
152,Glendon McNea,4522602700114758,visa,true
153,Elton Edmands,30123933669438,diners-club-carte-blanche,true
154,Ernestine Bradbeer,3562662293407087,jcb,true
155,Napoleon Hollindale,5048378679132608,mastercard,true
156,Don Ben-Aharon,3556113299073067,jcb,true
157,Jodi McClean,6385283141391619,instapayment,true
158,Nathalia Landell,3556464401657804,jcb,false
159,Loella Deniset,3579825678593240,jcb,true
160,Allayne Lockhead,3547342993501758,jcb,true
161,Marcelo Hucks,4332027681678,visa,false
162,Jacqui Adney,5205772694073046,mastercard,true
163,Michaelina Glassford,3553060096124002,jcb,true
164,Sutton Trewman,6304685912911599411,laser,false
165,Massimo Huebner,3548278691214352,jcb,true
166,Bertha Calam,3568750135499042,jcb,false
167,Paolo Lippiello,589348957183871858,maestro,true
168,Lethia Jimmes,5002359870585772,mastercard,false
169,Ara William,3574367996856988,jcb,true
170,Gerianne Hallawell,3572776316222584,jcb,false
171,Heriberto Alyonov,4419366051165,visa,false
172,Hayyim Rimmington,36506646557953,diners-club-international,false
173,Alice Thornton-Dewhirst,4041590810362,visa,false
174,Farrand Ivanisov,3538498275897651,jcb,true
175,Carri Abbatt,5100175488862143,mastercard,false
176,Doroteya Blance,5602256581987699,china-unionpay,true
177,Kenny Searson,670902618009679927,laser,true
178,Celka Coaster,374288664014007,americanexpress,false
179,Perl McLucky,3542044445164111,jcb,true
180,Kathye Pail,5602253341082036,bankcard,false
181,Ramsay Paulillo,4911877227128632406,switch,true
182,Tracie Sellack,3538373138457375,jcb,true
183,Avie Southard,201860159410590,diners-club-enroute,true
184,Jobye Noen,6393929132148232,instapayment,true
185,Steven Arrington,3548392579430525,jcb,true
186,Stavro Imrie,3539046653610805,jcb,true
187,Sande Pocklington,5610454384656179,bankcard,false
188,Crosby Veare,3536218297388287,jcb,false
189,Alasteir Elsegood,201518245278195,diners-club-enroute,false
190,Benjamin Bartlomieczak,5610152958362557676,china-unionpay,false
191,Chevalier McAnellye,3585310727235160,jcb,true
192,Eadie Brendeke,5602235382935933,bankcard,false
193,Kayla MacTimpany,633456355831680355,solo,true
194,Pam Perrottet,5641827128074575958,switch,true
195,Falkner Sharplin,56022131915768799,china-unionpay,true
196,Felic Rapp,201854159451498,diners-club-enroute,true
197,Stephanus Danniel,3549833605412705,jcb,true
198,Ranna Gration,3533729624153718,jcb,false
199,Riobard Gregori,3537647966817763,jcb,false
200,Elberta Sagg,06049681630766316,maestro,true
201,Orin McElvogue,493644261317311477,switch,false
202,Sigismundo Andriessen,3575610210859224,jcb,false
203,Lin Kain,4175002489906500,visa-electron,false
204,Hestia Callf,67637923779555559,maestro,false
205,Diann McNeilly,3585576702039104,jcb,false
206,Harriette Holme,3541882010996669,jcb,false
207,Koral Filan,201638121645398,diners-club-enroute,false
208,Juan Sadlier,3557696310161076,jcb,false
209,Samaria Dusting,3567307998490526,jcb,true
210,Ilaire Gilliver,3588551135459242,jcb,true
211,Luciana Heine,3581429429570486,jcb,false
212,Amelita Geraghty,3528768792152125,jcb,false
213,Bree Bastard,3539135676129594,jcb,true
214,Sandie Gerriessen,5302908370495937,mastercard,false
215,Rolando Calender,3529844388558220,jcb,false
216,Waldo Freen,3551065332525237,jcb,true
217,Lucie Lamberti,3543171266776761,jcb,true
218,Jolie Iffe,201502033584584,diners-club-enroute,true
219,Bat Renshall,3563380004240577,jcb,true
220,Lonni Earl,3534575445223936,jcb,true
221,Haily Eckley,3558947277801546,jcb,true
222,Faythe Matussevich,201496507178587,diners-club-enroute,false
223,Christoper Sibbe,501858604409523940,maestro,true
224,Nora Manoch,5610069297123644,china-unionpay,false
225,Carlo Witchell,5491236016821204,mastercard,true
226,Roberto Knappitt,6379638456225397,instapayment,true
227,Xymenes Jarley,3555194544259538,jcb,false
228,Nell Mowle,5602258688878714,bankcard,false
229,Hector Cockerham,3580901246796560,jcb,false
230,Teresina Locks,3543467356185420,jcb,false
231,Pepito Dilworth,4913794918994480,visa-electron,true
232,Chaddy Lombardo,30258661560910,diners-club-carte-blanche,true
233,Augustine Lane,3555327507752269,jcb,true
234,Drugi Tidgewell,6374328963638523,instapayment,false
235,Hilario Fahy,5321018493037827,mastercard,false
236,Fey Polland,0604530655219531919,maestro,false
237,Cole Meekings,5020135651467218,maestro,false
238,Bobby Kitchinham,5108753709589281,mastercard,false
239,Luella Menier,201416839839797,diners-club-enroute,true
240,Margret Kilfeather,3560074665606522,jcb,false
241,Hamnet Bonham,5454209959401883,mastercard,true
242,Elene Coole,3541499541520403,jcb,true
243,Kendall McDermot,3579982936243405,jcb,true
244,Montague Pindar,4903372770044721958,switch,false
245,Darb Hartill,3589535257995595,jcb,true
246,Erminie Alpin,3529444485844779,jcb,true
247,Guthrie Totterdill,6762369316341662,maestro,false
248,Evan Studders,3559352647633787,jcb,true
249,Joletta Ishak,30480968297695,diners-club-carte-blanche,true
250,Staffard Whyke,5465553963383166,mastercard,false
251,Basilio Cranson,3556162898052162,jcb,true
252,Thibaut Bradburn,675938223705231052,switch,true
253,Aristotle Wedmore,5602231622524934,bankcard,true
254,Brantley Donohoe,337941420129461,americanexpress,true
255,Dew Iacovolo,6333683144335286,switch,false
256,Othella Vallance,30308985222281,diners-club-carte-blanche,false
257,Kally Yaakov,30336640822799,diners-club-carte-blanche,false
258,Buddie Huntriss,633357783807142219,switch,true
259,Abdel Monaghan,5591535477034382,diners-club-us-ca,true
260,Dal De Haven,3533592851313565,jcb,true
261,Bern Gratten,30103232958757,diners-club-carte-blanche,false
262,Christoffer MacSkeagan,3569537309882775,jcb,true
263,Alon Mack,490510124589031875,switch,true
264,Valdemar Swynley,5610397134081232,bankcard,true
265,Tammy Bruggeman,5610684807006251,china-unionpay,true
266,Nola Hodgen,5100148966660594,mastercard,true
267,Osbourne Domnin,3545174974983933,jcb,false
268,Freddy Cuesta,3540326689034221,jcb,true
269,Genni Marcroft,3570716443684753,jcb,false
270,Vivyanne Wilsey,3557358959740245,jcb,false
271,Brien Harker,5100175427386402,mastercard,false
272,Valentine Farryn,3540587152262470,jcb,false
273,Von Shimwell,3541772050660392,jcb,false
274,Amelita Mathan,30355158054348,diners-club-carte-blanche,true
275,Valaria Dron,3568910686259589,jcb,false
276,Phyllys Greenstreet,3545172990376835,jcb,false
277,Carri Polino,6385298391039767,instapayment,false
278,Vickie Draisey,3531184471086573,jcb,true
279,Hammad Bautiste,3552358913962443,jcb,true
280,Martha Rosewall,3546988280544256,jcb,false
281,Jackie Quick,5002358413968321,mastercard,false
282,Carree Blague,3540475930807743,jcb,true
283,Jackquelin Josebury,633110497430179039,switch,false
284,Daffie Roullier,3533129175742615,jcb,true
285,Andeee Bisseker,5100172715273483,mastercard,true
286,Albrecht Brassill,5641826479148825379,switch,true
287,Renie Siggens,30333143821980,diners-club-carte-blanche,false
288,Amy Barnsdale,3551124462150785,jcb,true
289,Ryan Nisuis,5100134070756262,mastercard,false
290,Nadia Winstanley,5100131401400669,mastercard,true
291,Jae Dullard,3538406908672342,jcb,false
292,Golda Tierny,3533148334775951,jcb,true
293,Winni Mc Mechan,50382471519295451,maestro,false
294,Luce Wrotchford,3574352001552301,jcb,false
295,Marius Merryweather,3585307471046181,jcb,true
296,Korry Hawket,3549230377060632,jcb,false
297,Stormie Baughan,677136485485089176,laser,true
298,Carolin Gurton,3554648859360679,jcb,false
299,Gill Phillps,6304433813064568,laser,false
300,Cooper Russo,3549499318356108,jcb,true
301,Stan Pardey,3534478677161348,jcb,false
302,Claudianus Higgonet,30514646833875,diners-club-carte-blanche,true
303,Archibaldo Frizzell,5602220736697231,china-unionpay,false
304,Tremayne Lusgdin,3584306147560303,jcb,true
305,Pascale Poker,3570129576745591,jcb,true
306,Klement Bigby,5230411306089558,mastercard,false
307,Lavena Mushart,30543075093271,diners-club-carte-blanche,true
308,Vlad Biasioni,3536194194656557,jcb,false
309,Jerri Ladds,3562919157532131,jcb,true
310,Cathyleen Prestedge,3540155003514943,jcb,false
311,Midge Hazeldine,3531427432424353,jcb,false
312,Corbet Lernihan,374622504189712,americanexpress,false
313,Meris Francke,3586860112972339,jcb,false
314,Teresina Benoi,56022568852628504,china-unionpay,false
315,Westleigh Kocher,5602249605526601,bankcard,true
316,Porter Perford,3556864881205190,jcb,false
317,De McLanachan,201910879234794,diners-club-enroute,false
318,Eimile Turvey,3586386057173683,jcb,false
319,Tadeas Maloney,3569720122725849,jcb,false
320,Aigneis Dabell,6395905204577100,instapayment,true
321,Trescha Turrill,3571427173286996,jcb,false
322,Hermon Cristofolo,4508953747282761,visa-electron,false
323,Pearla Gawkroge,3584561402916786,jcb,false
324,Audrye Thaxter,5100170994301231,mastercard,false
325,Angelique Heeney,6706295399833554583,laser,false
326,Korry Pharo,5010127701063438,mastercard,true
327,Meredithe Sturman,3583677269931147,jcb,true
328,Kamila Hartridge,5007666872183637,mastercard,false
329,Malinda Ginnell,3560327749235969,jcb,true
330,Kori Greenstreet,3588972929254146,jcb,false
331,Paulie Galvin,3552193963925952,jcb,false
332,Tonia Binyon,341475044547349,americanexpress,false
333,Herve McGrale,501854816273647761,maestro,true
334,Curt Molines,5602221661945066,china-unionpay,true
335,Mirilla Corpe,6709398246028239845,laser,false
336,Hugibert Wipfler,3568534819449196,jcb,true
337,Nicolette Ixer,4330482035042,visa,false
338,Collin Mathieu,5108755542795199,mastercard,false
339,Ted Woolliams,3567685186057383,jcb,true
340,Raynor Durek,3585109179017138,jcb,false
341,Sergio Cumes,564182752466284867,switch,false
342,Bobbie Colkett,3588878593217568,jcb,false
343,Lothario Pinnick,376612747778924,americanexpress,false
344,Rollin Freeborne,30261944729278,diners-club-carte-blanche,true
345,Winifield Jorioz,4041595675661,visa,false
346,Zara Briztman,3587352047633847,jcb,false
347,Paloma Erskine,5531165503375089,mastercard,false
348,Trumaine Page,5020383548784261750,maestro,true
349,Geoffry Mulkerrins,3564852252182429,jcb,false
350,Antoinette Extal,676354783292434727,maestro,true
351,Dominica Devany,4911446243888463,switch,true
352,Angie Russilll,490557479373812102,switch,false
353,Ernest Westfield,3548447369771064,jcb,true
354,Phoebe Rootham,6759506396364842,maestro,false
355,Paddy Kleinert,3535504678603241,jcb,false
356,Stuart Broggetti,3555702859275475,jcb,false
357,Audy Shears,4026194991060453,visa-electron,true
358,Wini Crambie,3574678576203569,jcb,false
359,Caspar Daines,3574281583215138,jcb,true
360,Rosanne Lackmann,3568390323582695,jcb,false
361,Lonnie Mertin,201535087055481,diners-club-enroute,true
362,Tamqrah Addie,3562853460660273,jcb,true
363,Tami Birtwell,201806347631506,diners-club-enroute,true
364,Daryl Siley,3570426615202067,jcb,false
365,Jewel Gibbens,493677874020404171,switch,false
366,Cybil O'Cassidy,30054597641522,diners-club-carte-blanche,true
367,Antonetta Crone,3534591595709079,jcb,false
368,Bibi Leaves,3541624588918349,jcb,false
369,Row Drabble,4508534598438171,visa-electron,false
370,Sasha Callington,6706588948393767302,laser,true
371,Amalle Guise,491178873952910104,switch,false
372,Kaitlyn Goldie,3577278104162143,jcb,true
373,Tobye Stanford,6370597688902984,instapayment,false
374,Daveta Keetch,3562836282177824,jcb,true
375,Kalila Narramor,5108758572499278,mastercard,true
376,Erv Schuster,3555988114580383,jcb,false
377,Etan Spincks,5475419998987579,diners-club-us-ca,true
378,Chane Gerlack,3562089094847818,jcb,false
379,Kerrin Joron,3549472846447830,jcb,true
380,Ileana Parell,3558771518594920,jcb,false
381,Vasily Edelston,374288485488315,americanexpress,false
382,Magdaia Broadbear,3561727665339837,jcb,true
383,Tildy Lippett,4903260082972878,switch,true
384,Hestia Kleinstub,5602243162804873,bankcard,true
385,Lee Bettleson,5565828147835326,mastercard,true
386,Codie Graffham,3589406333793232,jcb,false
387,Lacee Waddam,675980751326043461,switch,true
388,Sharlene Edlin,3538162127213570,jcb,true
389,Homer Vasyanin,4405614299655002,visa-electron,true
390,Curt Bogays,3573692990223211,jcb,true
391,Vicki Ivanov,5610205229488917,china-unionpay,true
392,Ketty Brickell,4913947507877124,visa-electron,true
393,Noel McQuorkel,3588555592549460,jcb,true
394,Nikos Crasford,3562239093393765,jcb,false
395,Paule July,5048375934673145,mastercard,true
396,Celinka Downing,3551481171981029,jcb,true
397,Lurette Byre,3554660992606751,jcb,true
398,Stirling Warre,3545239718192313,jcb,true
399,Alisun Darte,3544020897445917,jcb,false
400,Maryanne Yosselevitch,56022331690349746,china-unionpay,true
401,Nomi Sharpling,5294036429410556,mastercard,true
402,Vic Haborn,3557410350261238,jcb,true
403,Aubert Lydster,3584770047631391,jcb,false
404,Brietta Hammand,3569527371086009,jcb,false
405,Eugenius Conner,5108751135495834,mastercard,false
406,Flinn Semaine,5602252486050346729,china-unionpay,false
407,Gabriel Hrachovec,4041377963492470,visa,true
408,Doyle Sharrem,633110549523143676,switch,true
409,Abigael Gaines,6390760759030418,instapayment,true
410,Ham Gammon,561049696278988869,china-unionpay,false
411,Teresita Portinari,491108953434071793,switch,false
412,Nicola Warden,201782788551000,diners-club-enroute,true
413,Theadora Frick,3586471679695840,jcb,true
414,Dynah Hundley,201813405479604,diners-club-enroute,true
415,Alie Barensen,3562136162592642,jcb,false
416,Felisha Gendricke,3581555518203462,jcb,true
417,Sibeal Fearby,564182120917492028,switch,false
418,Florian Olivier,5576718224305730,mastercard,false
419,Mei Gunn,372301275336842,americanexpress,true
420,Stefanie Bart,5048376494313429,mastercard,true
421,Tedda Plaid,3565571216652959,jcb,true
422,Claudina Cayser,372301001072364,americanexpress,true
423,Fidole Very,372301073231765,americanexpress,false
424,Dulcine Ciccotto,3550483570615746,jcb,true
425,Lonnard Musico,6763838708736787,maestro,true
426,Darda Weitzel,676246871025910758,maestro,false
427,Tania Anthoney,3552630300115003,jcb,false
428,Esma Yeabsley,4175007645927191,visa-electron,false
429,Corine McCreagh,3551753478936918,jcb,true
430,Woodrow Arrowsmith,5602259265870892,china-unionpay,false
431,Virginie Gorstidge,4913308775260537,visa-electron,true
432,Aeriell Braganca,4936462919020647,switch,true
433,Ashli Killoran,633110476730434575,switch,false
434,Nerty Jacobsen,3556545102723935,jcb,true
435,Ulrich Moverley,493691750076716571,switch,false
436,Faye McBrier,560224782767198944,china-unionpay,false
437,Milton Caherny,63048281989849987,maestro,false
438,Glendon McCurt,30172727564586,diners-club-carte-blanche,true
439,Shelden Campling,3581165636135305,jcb,false
440,Betta Wisbey,6333457593124214,switch,false
441,Margi Iverson,3584689492458458,jcb,true
442,Jackelyn Ciric,6762530208591611,maestro,true
443,Dayna Mettetal,3584640484405098,jcb,false
444,Morgen Gummoe,6706731267134389391,laser,false
445,Rubie Chateau,5007669559863919,mastercard,true
446,Chas Mawditt,3588082591617669,jcb,true
447,Ode Longhirst,6334878035958282,solo,false
448,Dorice Gilogly,3566414370277470,jcb,true
449,Loreen Florey,3587769354694957,jcb,true
450,Robin Towl,3556223648600963,jcb,true
451,Hermina Knolles-Green,3581637152274700,jcb,true
452,Allina Ronaldson,3570781416684834,jcb,true
453,Oby Naris,3548785873694326,jcb,true
454,Calla Das,340869248677277,americanexpress,true
455,Arv Giblin,5284191183195943,mastercard,false
456,Keefer Khomishin,633110931215053753,switch,true
457,Vernon Tartt,3562405386538453,jcb,false
458,Korrie Tomasek,374283448517128,americanexpress,false
459,Dinah Brevitt,5100179439187774,mastercard,false
460,Rudolf Longrigg,060475283737381428,maestro,false
461,Amory Rockingham,3545265824320464,jcb,false
462,Anne-marie Schimaschke,5515490643398308,mastercard,false
463,Quinlan Petrillo,5602212164486278,bankcard,true
464,Marybeth Van Geffen,3561108478014497,jcb,true
465,Emili Grindley,3549383677380117,jcb,true
466,Shelia Clementson,201546608564042,diners-club-enroute,false
467,Christye Berkeley,3572330535990546,jcb,true
468,Bax Alty,5602243161273930,bankcard,true
469,Calvin Stanners,493671707848651852,switch,true
470,Antoinette Sulley,4894058132548479,visa,false
471,Robbert Marwood,5602211584710071123,china-unionpay,false
472,Jaynell Echalie,56022370760679228,china-unionpay,false
473,Graeme Stive,30550823908841,diners-club-carte-blanche,true
474,Latia Siward,3528941974717359,jcb,true
475,Renee Lepard,372301361550702,americanexpress,true
476,Kendre Pionter,3559999207226632,jcb,true
477,Alonzo Millwater,349771818652428,americanexpress,false
478,Madella Hanselman,3577803030554889,jcb,false
479,Joycelin Middleditch,3546886713433388,jcb,false
480,James Kivits,3547880893843291,jcb,false
481,Pyotr Du Plantier,56022193231341420,china-unionpay,true
482,Petronia Swedeland,4041596918055963,visa,true
483,Birgit Feast,3560157929537458,jcb,true
484,Shirlee Currall,3536853386772890,jcb,true
485,Nestor Scarasbrick,3537410612088713,jcb,false
486,Geordie Kirkup,67634078458863452,maestro,false
487,Ludwig Windebank,3556380217884632,jcb,false
488,Kenn Slaney,3585812799160507,jcb,false
489,Krystyna Assandri,3578355531126211,jcb,false
490,Jojo Bissatt,3563930678757379,jcb,true
491,Dagny Arniz,30572186259919,diners-club-carte-blanche,true
492,Ephrayim Claesens,3583546628857337,jcb,true
493,Livy Ridolfi,372301838545822,americanexpress,true
494,Dorri Lumpkin,30219628762692,diners-club-carte-blanche,false
495,Leroi Brackley,3547001966456859,jcb,true
496,Gal Tidball,3533346787298014,jcb,false
497,Dix Lampe,3584536070118402,jcb,true
498,Barthel Orteau,3535423865694204,jcb,true
499,Obediah Stain,6333902274819822,switch,false
500,Adrianna Babalola,3565517609131739,jcb,true
501,Quentin Iozefovich,5038028874707090,maestro,true
502,Meryl Harwin,560224026896932827,china-unionpay,false
503,Brittany O'Hartnett,6767995026618760,solo,true
504,Anastasie Gennerich,675959908811733603,switch,true
505,Melosa Wind,30516803547701,diners-club-carte-blanche,false
506,Sharia Westcott,67067929604672807,laser,true
507,Gearalt Cornforth,3585040988027234,jcb,false
508,Mommy Panketh,3544433431177633,jcb,false
509,Olva Giraudo,3532695477984411,jcb,false
510,Lona Russi,5100134000897889,mastercard,false
511,Ashlie Redmell,5100147548837266,mastercard,false
512,Shaine Sidgwick,201962449641297,diners-club-enroute,false
513,Clifford Kollas,3579868745897350,jcb,true
514,Corette Ventham,3540836020072722,jcb,true
515,Wilmette Grumell,337941428784580,americanexpress,false
516,Ketti Bisacre,3569358229326698,jcb,true
517,Ange Milillo,30243648959005,diners-club-carte-blanche,false
518,Jabez Cleynman,3560806063909291,jcb,true
519,Garwin Uman,5100133393378143,mastercard,true
520,Frans Jurasz,30151725580521,diners-club-carte-blanche,false
521,Gabriel Munkley,3533745109343541,jcb,false
522,Nathaniel Girdwood,493641020103941191,switch,false
523,Currey Foxon,3572235343212415,jcb,false
524,Paloma Cloke,3554597325325982,jcb,true
525,Granthem Sirett,3569344796938826,jcb,false
526,Rochell Dunican,374622591922850,americanexpress,false
527,Freemon Fitzharris,5108757018709316,mastercard,false
528,Merrili Fibbitts,3563221528554475,jcb,true
529,Kamillah Benditt,3564373164451901,jcb,true
530,Way Paty,3581139349968229,jcb,true
531,Lanna Tarr,4903312363355057,switch,true
532,Godwin Grierson,3575327082471273,jcb,false
533,Raff Basden,6304606079576814216,laser,false
534,Emylee Boulden,4913814947122679,visa-electron,true
535,Sibel Gauntley,201440362553534,diners-club-enroute,false
536,Elnora Drewery,3578426623296368,jcb,true
537,Selma Burnsyde,36365871889460,diners-club-international,true
538,Der Radnedge,3582501181541431,jcb,true
539,Flemming Dingsdale,67716727049545330,laser,true
540,Ilyse Leander,3535002018866909,jcb,false
541,Althea Hannay,3554382737306775,jcb,false
542,Cass Kneal,3547071331825195,jcb,false
543,Pall Frunks,56022340173035565,china-unionpay,true
544,Oralee Squibb,5100140580344887,mastercard,true
545,Ferdy Brownbridge,5469349652606496,mastercard,false
546,Zebulen Bolsover,5602258394145598,bankcard,true
547,Drusie Posselwhite,3589503387979434,jcb,true
548,Myrvyn McCambrois,5002356694684955,mastercard,true
549,Bird Stoile,3553474976162836,jcb,false
550,Conrad Warland,3578216042567519,jcb,false
551,Porty Barthropp,3573615263857308,jcb,false
552,Kasper Storrie,3538202180437268,jcb,true
553,Arlene Hawe,3546635271892083,jcb,false
554,Karol Norgate,5602251150636306,bankcard,true
555,Petronilla Verrick,4017957967516,visa,true
556,Zondra Bearblock,3552216635396912,jcb,true
557,Caryl Shires,3557530481489216,jcb,false
558,Vita Sellor,30166362247838,diners-club-carte-blanche,false
559,Feliza Ruske,4041595994463158,visa,false
560,Ceciley Ryall,5602214103289730,bankcard,false
561,Joanne Soaper,337941777816140,americanexpress,false
562,Morley Antczak,4503836677673908,visa,false
563,Ryan Eastlake,3533601477339191,jcb,false
564,Matti Durrans,3539981671296866,jcb,false
565,Deedee Bawden,50187888666285190,maestro,true
566,Winnie Peeke-Vout,5602218688217206,bankcard,true
567,Jeri Cristofanini,3572740355191191,jcb,true
568,Geoffrey Storre,3545579996691209,jcb,true
569,Marinna Sargeant,3532256374950805,jcb,true
570,Yardley MacDuffie,6382644394247605,instapayment,true
571,Thaxter Brechin,5546406343831581,mastercard,false
572,Chevy McRory,3565136209798753,jcb,true
573,Cristal Lapidus,589314104514454886,maestro,false
574,Bealle Ciric,6771247627196737,laser,true
575,Adriena Perree,5610056060710434,bankcard,false
576,Humfrid Bathurst,3577887385187056,jcb,true
577,Galven Cortin,4844570073251450,visa-electron,false
578,Mercy Perel,3561462611190395,jcb,false
579,Fran Wetwood,3570406826324934,jcb,false
580,Susann McCurtin,3566267572487028,jcb,false
581,Horten Shuter,3565452060865775,jcb,false
582,Skye Hixley,3559132112242185,jcb,false
583,Win Flanagan,3570083641908132,jcb,true
584,Katti Como,3550423145085058,jcb,false
585,Rania Beal,5048375291401569,mastercard,true
586,Sven Durrance,5362453484344041,mastercard,true
587,Renae Voase,5353224812731022,mastercard,true
588,Alyss Pfertner,630434924719930308,laser,false
589,Quintana Gillean,5602246293263034,bankcard,true
590,Colas Pues,3535836108443909,jcb,true
591,Marv Bahia,201600211120740,diners-club-enroute,false
592,Annabella Edge,337941989247670,americanexpress,true
593,Bernadene Oliff,3563777892337953,jcb,false
594,Sol Brambley,3543511494636776,jcb,false
595,Barr Aldis,3545706026351104,jcb,false
596,Monica Turneaux,201463003929533,diners-club-enroute,false
597,Adina Bellchamber,3571568838910304,jcb,false
598,Aeriell Faulkes,201705727817299,diners-club-enroute,true
599,Audrye Padgham,6762558734574339049,maestro,true
600,Amye Lavis,3557297933751870,jcb,true
601,Reginald Bratch,3586033753235511,jcb,true
602,Iosep Mewe,3569342638613987,jcb,false
603,Quintin Valentetti,3583441353531101,jcb,false
604,Fraser Hagart,3578911747657124,jcb,false
605,Milena Harries,3554383034299887,jcb,true
606,Ailina Stagg,5610188029006859,bankcard,false
607,Lotti Janson,3568587243894536,jcb,true
608,Cloe Edmundson,5602245721950728067,china-unionpay,true
609,Carlota O'Malley,374580565958955,americanexpress,false
610,Harley Paskerful,56022281627312202,china-unionpay,false
611,Rowena Pobjay,060413751120473866,maestro,true
612,Binni Barrable,3528701501872139,jcb,false
613,Pail Scannell,5100175426593487,mastercard,false
614,Lari Sineath,4405905108937452,visa-electron,false
615,Porter Lenox,5602222579901498199,china-unionpay,true
616,Nadeen Kabisch,30397585007879,diners-club-carte-blanche,false
617,Kerrill Vannucci,5602222576325741,bankcard,true
618,Leodora Belham,3538593878029247,jcb,true
619,Fairleigh Lyal,3589827697186582,jcb,true
620,Karl Ousby,5100132030826258,mastercard,false
621,Gillie Emslie,5641829202109415,switch,true
622,Ardith Sneezem,4017957789867920,visa,true
623,Ario Nucciotti,3567987929335773,jcb,false
624,Vittoria Conford,3533929014006175,jcb,false
625,Hertha Harrad,5580806032213768,diners-club-us-ca,true
626,Matias Karchowski,3532793296580500,jcb,false
627,Elvina Clewarth,3540406906315502,jcb,false
628,Cord Reuther,67598819629794140,maestro,false
629,Wyndham Dhillon,3531267595343192,jcb,false
630,Minette Murkin,30397867765616,diners-club-carte-blanche,true
631,Andres Corton,3544120662013674,jcb,false
632,Kameko Baynon,3580313150494549,jcb,true
633,Evelyn Mayoh,3567151383992260,jcb,false
634,Dannie Fossick,4508256987789465,visa-electron,true
635,Dorelle Lengthorn,6759689262910488054,maestro,false
636,Merill Ethelstone,6389124000777546,instapayment,false
637,Idelle Richards,3586122742625757,jcb,true
638,Menard Cherryman,374622673274006,americanexpress,false
639,Gabi Old,4844802600540943,visa-electron,true
640,Lolita Labro,3558946853185860,jcb,true
641,Maureen Colnett,3574653716348871,jcb,false
642,Eziechiele Hardesty,3580589549020380,jcb,false
643,Violante Trammel,560225996039435145,china-unionpay,false
644,Ashlin McAloren,3556594096511096,jcb,false
645,Alisun Counsell,060440591151769072,maestro,false
646,Eden Seldon,4017959696600,visa,true
647,Bud Lampaert,201808785318372,diners-club-enroute,true
648,Georgi Willcock,5893986323706811,maestro,false
649,Sergeant Drillingcourt,560221739228477369,china-unionpay,true
650,Panchito Loseke,3555639540505011,jcb,true
651,Boigie Lancetter,201922711393902,diners-club-enroute,true
652,Bail Kybird,5100147377186876,mastercard,true
653,Ysabel Whisker,6370532342296861,instapayment,true
654,Gasper Bartoloma,201922432123877,diners-club-enroute,false
655,Ora Glastonbury,3572164667862243,jcb,true
656,Sophronia Blaszczyk,6759395296017168271,switch,true
657,Henrie Simenot,3589228239649056,jcb,false
658,Laurent Bartomeu,5602215045299885,china-unionpay,true
659,Annetta Ditzel,3542377316330621,jcb,true
660,Davin Palay,67639477598203709,maestro,false
661,Brianne Count,4041379428279,visa,false
662,Annmarie Berr,4017957270934999,visa,true
663,Kerwinn Yuryaev,3541747723916728,jcb,true
664,Rufe Lockhart,060466090834703532,maestro,false
665,Cathe Davidove,3578418928879352,jcb,true
666,Merline Van Son,06049007943836671,maestro,false
667,Belinda Gotfrey,3581100930245930,jcb,false
668,Pepe Viel,4041594292763252,visa,false
669,Clari Bewley,3546280089063112,jcb,false
670,Sophia Blackhurst,56022205092123513,china-unionpay,false
671,Barb Joslyn,3569368465573085,jcb,false
672,Collete Bloodworth,4990236095786855,visa,true
673,Madel Gregoretti,56022327272621254,china-unionpay,false
674,Tiffany Bosence,5641824439415933,switch,true
675,Carlyn Seth,5174884118950662,mastercard,true
676,Conan Tuminelli,3566648577120542,jcb,true
677,Huey Jenckes,3562189754125925,jcb,false
678,Cherin Peplow,3581638070802283,jcb,true
679,Janaye L'Homme,4081647848619,visa,true
680,Ethel Sandle,503880205673577733,maestro,true
681,Caz Cash,3548932577764803,jcb,false
682,Maximilien Surcomb,4917379542121399,visa-electron,true
683,Ranna Longbone,5602246470111360,bankcard,false
684,Derk Wickins,4405148580410470,visa-electron,false
685,Fionnula Wort,3577967492065583,jcb,false
686,Butch Guillon,201524535055202,diners-club-enroute,true
687,Davide Pritchett,372301666210168,americanexpress,false
688,Myrtle Neles,58934729315893779,maestro,true
689,Benedicta Kettle,6331105641246446,switch,true
690,Monty Georg,373061687496282,americanexpress,false
691,Stafani Cutford,374622826327974,americanexpress,true
692,Suellen Aldus,3586298389037538,jcb,true
693,Karoline Haskett,67061169500045016,laser,true
694,Glynda Keune,4405402695089517,visa-electron,true
695,Mair Faulks,30067272871578,diners-club-carte-blanche,false
696,Brynne Greydon,50201744129207770,maestro,false
697,Ofelia Marston,3581442488935359,jcb,true
698,Berte Cicetti,201923685062143,diners-club-enroute,false
699,Ezmeralda Dunbleton,3557236401424925,jcb,true
700,Legra Benninger,3575862482090315,jcb,false
701,Orson Ausiello,5100175098119116,mastercard,true
702,Lincoln Purcell,3568506073048989,jcb,false
703,Arabella Hallifax,5048375863670260,mastercard,false
704,Stevy Marishenko,490573170929259654,switch,false
705,Matteo Remer,201765015664233,diners-club-enroute,true
706,Anny Syddall,3572895618305184,jcb,true
707,Hillary D'Andrea,3580124468505029,jcb,true
708,Vito Starrs,3544334824489108,jcb,true
709,Amandi Heyfield,4508423783193553,visa-electron,false
710,Glendon Fanshawe,349218485909913,americanexpress,true
711,Lavinie Adrain,3587638242946640,jcb,false
712,Verge Tumilty,3575880239278447,jcb,true
713,Gaston Simanek,3556284426368132,jcb,false
714,June Blazey,3589038562848583,jcb,true
715,Dasha Hovee,3570242394282653,jcb,false
716,Kristos Axcell,3582577122935130,jcb,false
717,Mariejeanne Tevelov,201721204585713,diners-club-enroute,false
718,Claresta Tyer,5610957036988566442,china-unionpay,false
719,Bobinette Tomaszewicz,5610483847272270423,china-unionpay,true
720,Verne Rembrandt,630496602829038981,laser,false
721,Virgie Earey,56022250264853000,china-unionpay,false
722,Brewer Lailey,4041375456416568,visa,false
723,Florie Ambrogelli,677101013363193984,laser,false
724,Hasty Collington,6331101913153667,switch,false
725,Fidole Korn,30274842272333,diners-club-carte-blanche,true
726,Hammad Muscott,5455512872577419,diners-club-us-ca,true
727,Catherine Keefe,3568703866113175,jcb,true
728,Britney Headly,56022161551908581,china-unionpay,false
729,Sella Rudledge,561009775208268002,china-unionpay,false
730,Rubina Androck,6771023018998977,laser,false
731,Elva Rubel,3531859922152682,jcb,false
732,Shawna Binns,5602225302521061,bankcard,false
733,Damon Rolfi,3565452290803406,jcb,false
734,Jordana Driussi,5541267316211671,diners-club-us-ca,true
735,Rolfe Furmston,3559617810658377,jcb,true
736,Nan Ascrofte,560225255464291170,china-unionpay,true
737,Ingrim Lesper,3564199433532050,jcb,true
738,Beau Walshe,5434291861088607,mastercard,true
739,Charmain Malser,5172676587677574,mastercard,false
740,Fraze Esslemont,3561673112427199,jcb,false
741,Mignonne Duval,3577337799300085,jcb,false
742,Merlina Calender,3547860714605731,jcb,true
743,Killy Andrelli,201537028310223,diners-club-enroute,false
744,Carolus Guerri,3567599905169546,jcb,true
745,Ulrike Drezzer,344193761495926,americanexpress,false
746,Wain Coulthart,3571255176695743,jcb,true
747,Randa La Torre,5641823370224128411,switch,true
748,Gayle Yukhnini,3579581746823891,jcb,false
749,Celestina Willas,3542816473956082,jcb,false
750,Harold Nicely,30363708574906,diners-club-carte-blanche,true
751,Hollyanne Brosetti,3563108130009388,jcb,true
752,Phaidra Ceschini,3546443293137706,jcb,true
753,Harman Snelgar,670659455206911653,laser,true
754,Josiah McBlain,670901942690851921,laser,false
755,Jewel Dyet,63042050130110177,laser,true
756,Denys Sinkinson,374283363432675,americanexpress,false
757,Yvor Ruttgers,3533794503223131,jcb,false
758,Remus Long,3566642717595515,jcb,true
759,Devon Wreford,3582879893190345,jcb,false
760,Dwight Red,67068205650086575,laser,false
761,Chickie Fey,3551406820260913,jcb,true
762,Elfrida Haldon,3550744389222051,jcb,false
763,Shina Setter,5100178777596752,mastercard,false
764,Patrizio Lottrington,3552771701209381,jcb,false
765,Joana Starrs,3554345313655360,jcb,false
766,Jazmin Revie,3558040265422325,jcb,false
767,Obed Duchart,3544565864368443,jcb,true
768,Sheelah Bentall,5602224090859395,bankcard,false
769,Judi Bertwistle,4175008647845282,visa-electron,false
770,Jolyn Trighton,3567074518489434,jcb,false
771,Ardenia Lippiatt,201999121821904,diners-club-enroute,false
772,Tull Dansie,5100142298260884,mastercard,true
773,Sibyl Cunniff,36992019128111,diners-club-international,false
774,Janice Gartell,560223606138825888,china-unionpay,true
775,Lolita Scarsbrick,3563489277256440,jcb,false
776,Steven Ridoutt,6706124016994031907,laser,true
777,Hardy Hutson,3534678514447863,jcb,false
778,Charmane McCleary,201828704275750,diners-club-enroute,true
779,Hilda Kolodziejski,3531095033426281,jcb,true
780,Dominique Zanre,3587595514595564,jcb,false
781,Vale Lamyman,3580380040707125,jcb,true
782,Audre Treweek,6375909976778742,instapayment,false
783,Stafani Trimble,3583023071966759,jcb,true
784,Nikolaos Keese,5602247539901486,bankcard,true
785,Natala Wassell,5641820060144111679,switch,false
786,Verine Ogbourne,5100176068341995,mastercard,false
787,Lena Tuffs,3557582871686737,jcb,true
788,Milt McBoyle,670930960288483670,laser,true
789,Idette Samter,5048372030538256,mastercard,false
790,Porter Covendon,3576781892454862,jcb,false
791,Katina Boyde,201954014314913,diners-club-enroute,false
792,Catharina Kettle,4041375978442,visa,true
793,Aubree Cornill,503823353906270799,maestro,true
794,Addia Wille,3569134044478166,jcb,false
795,Mindy Easterling,6331103258138105211,switch,false
796,Bonita Hazard,5610924895586446,bankcard,true
797,Damien Vittori,201506618008463,diners-club-enroute,true
798,Kelsey Bows,3584520549339286,jcb,true
799,Piggy Rouby,3585597985596966,jcb,true
800,Uriah Petett,201854686664704,diners-club-enroute,true
801,Katuscha Pithcock,3534774743076266,jcb,true
802,Jobie Christophers,4917105066732513,visa-electron,true
803,Esme Doog,3576730348990391,jcb,false
804,Waylin Vigours,0604473527369341,maestro,false
805,Clarke Millthorpe,3530557253815486,jcb,false
806,Andrey Pavkovic,3551123406189982,jcb,false
807,Holden Morman,4395343125541622,visa,true
808,Stanford Szymoni,5602257181809549,bankcard,true
809,Ariella Garnar,5602256056803330,bankcard,false
810,Deedee Durrand,5100177183346307,mastercard,true
811,Carlota Kilbee,3560256107049011,jcb,false
812,Brunhilda Pybworth,3551168352047841,jcb,false
813,Hunfredo Ollerhad,3575528742237448,jcb,false
814,Tim Dengate,3584944710314508,jcb,true
815,Collie Hedditch,5602254330759832,china-unionpay,false
816,Son Storrier,3531379504310095,jcb,true
817,Hillery Romera,3576713143240667,jcb,true
818,Shermie Geffen,5038154689413508,maestro,false
819,Olimpia Hearons,3573502046919557,jcb,false
820,Teodorico Ferres,5602235484710796,bankcard,true
821,Elisa Ivshin,374283321753360,americanexpress,false
822,Earlie Aked,3562430801443220,jcb,false
823,Dian MacInerney,337941166040476,americanexpress,false
824,Justine Caesar,675957057877134686,maestro,false
825,Terry Artus,676214932014853405,maestro,true
826,Cherilyn Gummer,3549455161115884,jcb,false
827,Amandie MacPhail,3567044883128230,jcb,true
828,Colene Larvor,6759979852342729,switch,true
829,Brantley Colnet,3545509030728303,jcb,false
830,Marleen Oldmeadow,3544274903964219,jcb,false
831,Gertrude Scotti,4508453252015300,visa-electron,true
832,Katuscha Kuhndel,5007667092316502,mastercard,true
833,Evelina Aizikowitz,3555687782650136,jcb,false
834,Ramon Jikylls,3561273659668170,jcb,false
835,Jocelin Binney,36004023281991,diners-club-international,true
836,Murielle Wilber,490527419546764480,switch,false
837,Ronny Waggatt,4041596897362307,visa,false
838,Jsandye Edden,201726441907703,diners-club-enroute,true
839,Bert Sidwell,5480920376407802,diners-club-us-ca,true
840,Hildagard Trussler,5610898288276650,bankcard,false
841,Cynthie Gipson,3559195380840261,jcb,false
842,Troy Brolan,633110211708844871,switch,false
843,Giff Sancraft,3577229283926139,jcb,true
844,Sybille Manntschke,3539328049964561,jcb,true
845,Cherida Swafford,5602226855593747,bankcard,false
846,Abdul Liger,5602210027357108,bankcard,false
847,Lauren Benda,3563533200966664,jcb,false
848,Bette-ann Du Hamel,3559184742598593,jcb,true
849,Simmonds Andrieu,374283559988209,americanexpress,false
850,Helena Denisard,3538470925880627,jcb,true
851,Felipe Cubitt,3545017257255323,jcb,false
852,Flinn Goodlad,3574046190394182,jcb,false
853,Sheryl McKniely,67638210345386886,maestro,false
854,Dillon Bonellie,3558756352519935,jcb,false
855,Claudina Tolchar,67615458832042754,maestro,false
856,Charlotta Itchingham,3576134013810440,jcb,true
857,Calley Buzza,5602212079741965,bankcard,false
858,Krysta Killough,5020432878153287,maestro,true
859,Jaymee Echalier,3576864713470489,jcb,false
860,Tiebold Hackey,5108757697487028,mastercard,false
861,Brennen Pristnor,4041593331920089,visa,false
862,Jasmin Lightbourne,3587403878526848,jcb,true
863,Lauryn Brimicombe,3541337564799498,jcb,false
864,Heida Janas,3571690029009116,jcb,true
865,Jeffy Senn,374288417676375,americanexpress,false
866,Ingeberg Leary,6387402531407409,instapayment,true
867,Raynard Fandrich,3550653412451258,jcb,false
868,Sherwynd Smallman,3537786088246178,jcb,false
869,Wileen Baldung,201747988678515,diners-club-enroute,false
870,Pat Imlaw,58939750807550664,maestro,false
871,Palmer Walduck,3534927731348648,jcb,true
872,Abran New,5452511906154479,mastercard,false
873,Jedediah Biskupek,30355780829802,diners-club-carte-blanche,false
874,Farra Kiltie,3565549171158345,jcb,false
875,Leeann Norcross,5641823120218234,switch,true
876,Tara Brydson,564182610724322657,switch,true
877,Curt Zieme,6397986504692540,instapayment,true
878,Loraine Leverich,4844735870914028,visa-electron,true
879,Jemmie Clough,5602224751752566,bankcard,true
880,Morena Cabrera,3573188999206828,jcb,false
881,Karine Danton,3578089867088725,jcb,false
882,Wanids Harbottle,36396019733153,diners-club-international,true
883,Rianon Corkett,3538771937297373,jcb,true
884,Gregor Tuxell,3535238672842493,jcb,false
885,Dianna Hefford,5602239742787745,china-unionpay,false
886,Dorian Petyanin,5353531644545549,mastercard,false
887,Siegfried Trammel,3539475811245685,jcb,true
888,Mariele Pitsall,3568189782100456,jcb,true
889,Arlie Treasure,4936970551674597983,switch,false
890,Merell Archdeckne,3563609570533860,jcb,true
891,Ailis Footitt,3572539421522029,jcb,true
892,Courtnay Dabell,3556743268474563,jcb,true
893,Geneva O' Borne,5602220291057060,bankcard,false
894,Arlyn Kilvington,30573851326959,diners-club-carte-blanche,true
895,Cesaro Edis,3563622928994338,jcb,true
896,Demetre Farahar,5602232881074124,china-unionpay,false
897,Leena Casa,5100174233267377,mastercard,true
898,Aldric Minero,5002352635683743,mastercard,false
899,Byram Savage,6304599521618661,maestro,false
900,Troy Walshe,30227540972232,diners-club-carte-blanche,true
901,Florian Threlkeld,3531688738858673,jcb,false
902,Clea Maggiori,30355499717389,diners-club-carte-blanche,false
903,Mackenzie Abella,3528837551056098,jcb,false
904,Gusti Brougham,3542171651319368,jcb,true
905,Alaster Statham,5010125491554178,mastercard,true
906,Jules Binnes,6392881036004584,instapayment,false
907,Reginauld Harry,3539399640042370,jcb,false
908,Payton Lengthorn,5020926229504387,maestro,false
909,Orrin Sharpus,3536825444686353,jcb,true
910,Angelika Stowgill,3537203985648340,jcb,true
911,Edythe MacCallion,3583538402980849,jcb,true
912,Kevyn Maitland,3579620351639927,jcb,false
913,Farr Fortin,670644233151726667,laser,true
914,Dale Arens,3561806595983060,jcb,false
915,Kerby Haycraft,4267793491726279,visa,true
916,Curt Filyaev,3530524166166100,jcb,false
917,Reed Nazer,5602246987350980,bankcard,false
918,Ashlin Scothorne,3560757063139944,jcb,false
919,Alexine Carnelley,3567397608324058,jcb,true
920,Catarina Cottey,633110327819991185,switch,true
921,Alika Korba,3529768391011341,jcb,false
922,Stanislaw Sansam,3571818620460913,jcb,true
923,Calli Wigelsworth,6397874914132127,instapayment,true
924,Nikkie Jee,4903729644625130865,switch,false
925,Nora Spacey,633368871292506266,switch,true
926,Vivia Butterfield,3534360254666537,jcb,false
927,Chaim Yankov,3542049086372030,jcb,true
928,Valentijn Hallawell,30078595219080,diners-club-carte-blanche,false
929,Renie Chippindale,67614111505902223,maestro,true
930,Neda Dorsett,3535062963123466,jcb,true
931,Liuka Mac Geaney,3559041647580011,jcb,true
932,Dix Levesque,5312199473117440,mastercard,false
933,Chrystal McInteer,5602212932842166,china-unionpay,true
934,Melisenda Pulbrook,201729010341494,diners-club-enroute,false
935,Heloise Kores,3544687733254511,jcb,false
936,Brinn Mearing,3561866728562512,jcb,true
937,Rosanne Litherborough,5007667484149982,mastercard,false
938,Magdaia Truesdale,50204956446662373,maestro,false
939,Gilberto Shafe,3565885315604509,jcb,false
940,Margaretta Clausen,3589532897423666,jcb,true
941,Mellisa McGettrick,3583493461068955,jcb,true
942,Misty Orteau,3572906677758427,jcb,true
943,Elisabetta Maynell,5473326170869883,diners-club-us-ca,true
944,Elva Rawlence,201596310009372,diners-club-enroute,false
945,Bryce Fedoronko,3563440142004622,jcb,true
946,Randie Jay,201479736031116,diners-club-enroute,true
947,Ollie Ebbitt,67635983468296123,maestro,false
948,Gates Varley,3572815141770258,jcb,false
949,My Matousek,6331103163074742656,switch,false
950,Sydelle Coughan,3561365506693714,jcb,false
951,Joya Matura,3587890061247887,jcb,false
952,Winnah Kale,3581234942978566,jcb,false
953,Drucy Berrisford,3530274732120674,jcb,true
954,Tanya Borth,3555843598493449,jcb,false
955,Coleman Brunsen,377810595790632,americanexpress,false
956,Lindsey Covert,3531789061873428,jcb,true
957,Aimil Blenkhorn,3585408429305024,jcb,false
958,Conny Nutter,560223809916691304,china-unionpay,true
959,Moyra Bisgrove,6771633420540470,laser,false
960,Bren Mewis,50205789274468715,maestro,false
961,Fabe Maseyk,3538729593295842,jcb,false
962,Artemis Bernardo,3571787240202593,jcb,false
963,Maible Mudge,3574796334575597,jcb,true
964,Marcela Patis,3551929911659800,jcb,false
965,Cyril Wynne,3533072940143885,jcb,false
966,Bronny Webb-Bowen,3562171492840932,jcb,false
967,Shena Wilkison,6394257903029749,instapayment,true
968,Baudoin Davidove,5108751154498842,mastercard,true
969,Brittni Brehault,6763493658044463715,maestro,false
970,Heriberto Richfield,3583565374615244,jcb,true
971,Katusha Hexter,3549973465819548,jcb,true
972,Dinnie Plascott,5100131898325452,mastercard,true
973,Kip Drescher,3571245123309084,jcb,true
974,Misti Capron,3546852266129963,jcb,true
975,Doe Papierz,3529477245487745,jcb,false
976,Ileana Terlinden,3536751088367367,jcb,false
977,Corrina Mastrantone,6334209636591070393,solo,true
978,Joeann Drohane,3567076004268248,jcb,false
979,Jake O'Shevlin,3546062986322365,jcb,true
980,Lincoln Yakovitch,5602250923266391,china-unionpay,true
981,Reeba Gaddie,3586962899693458,jcb,false
982,Amabelle Mitro,201846177086397,diners-club-enroute,true
983,Cart Funcheon,6761123582651895,maestro,true
984,Dina Meneyer,3535707870900006,jcb,false
985,Ephrem Calan,677181215598413755,laser,false
986,Lottie Genders,676219636632854936,maestro,false
987,Archibald Enoch,6709269602490382974,laser,true
988,Oliver Marzele,6771378047143502776,laser,true
989,Georgeanna Noice,5610497668800145588,china-unionpay,false
990,Norrie Gabbitas,4017952446912,visa,true
991,Roana Stopps,3536531844307182,jcb,true
992,Currie Defrain,6333510455317670,switch,false
993,Tierney Hudleston,3575628298503316,jcb,false
994,Misti Tollerton,5602245581483494,bankcard,false
995,Ulberto Cianni,3559238345930510,jcb,false
996,Ophelie Dunabie,3557995288983481,jcb,true
997,Iago Smorthwaite,5176662028915522,mastercard,true
998,Urban Exer,5007661342959500,mastercard,false
999,Melba Lidington,5108753870588690,mastercard,true
1000,Lorin McCorrie,3562053329782836,jcb,true